City_ID,City,Lat,Lng,Max Temp,Humidity,Cloudiness,Wind Speed,Country,Date
0,sheridan,44.8333,-106.9173,306.36,18,{'all': 0},"{'speed': 3.09, 'deg': 0}",US,1719346585
1,adamstown,-25.066,-130.1015,295.66,87,{'all': 0},"{'speed': 5.92, 'deg': 6, 'gust': 7.26}",PN,1719346796
2,fort bragg,35.139,-79.006,309.93,44,{'all': 0},"{'speed': 3.09, 'deg': 200}",US,1719346578
3,mili,6.0815,171.735,301.62,79,{'all': 80},"{'speed': 6.78, 'deg': 97, 'gust': 7.65}",MH,1719346521
4,tyazhinskiy,56.116,88.524,291.27,97,{'all': 90},"{'speed': 1.88, 'deg': 182, 'gust': 3.72}",RU,1719346799
5,mount gambier,-37.8333,140.7667,280.06,97,{'all': 73},"{'speed': 4.21, 'deg': 339, 'gust': 11.96}",AU,1719346800
6,avarua,-21.2078,-159.775,295.18,73,{'all': 75},"{'speed': 4.12, 'deg': 100}",CK,1719346803
7,ribeira grande,38.5167,-28.7,294.37,68,{'all': 20},"{'speed': 3.09, 'deg': 150}",PT,1719346804
8,enewetak,11.3474,162.3373,301.13,80,{'all': 30},"{'speed': 9.13, 'deg': 71, 'gust': 10.25}",MH,1719346805
9,mpika,-11.8343,31.4529,284.07,78,{'all': 0},"{'speed': 2.55, 'deg': 148, 'gust': 9.43}",ZM,1719346757
10,bredasdorp,-34.5322,20.0403,283.27,89,{'all': 3},"{'speed': 0.65, 'deg': 68, 'gust': 0.77}",ZA,1719346807
11,edinburgh of the seven seas,-37.0676,-12.3116,289.3,84,{'all': 100},"{'speed': 16.42, 'deg': 333, 'gust': 23.61}",SH,1719346808
12,heyuan,23.7333,114.6833,298.27,90,{'all': 80},"{'speed': 0.23, 'deg': 165, 'gust': 0.45}",CN,1719346640
13,waitangi,-43.9535,-176.5597,283.61,86,{'all': 100},"{'speed': 2.68, 'deg': 89, 'gust': 6.26}",NZ,1719346810
14,hermanus,-34.4187,19.2345,282.48,86,{'all': 4},"{'speed': 3.51, 'deg': 86, 'gust': 3.96}",ZA,1719346812
15,quellon,-43.1167,-73.6167,280.53,89,{'all': 100},"{'speed': 6.74, 'deg': 344, 'gust': 13.11}",CL,1719346813
16,albany,42.6001,-73.9662,304.15,40,{'all': 70},"{'speed': 1.34, 'deg': 318, 'gust': 2.24}",US,1719346814
17,udachny,66.4167,112.4,285.9,81,{'all': 86},"{'speed': 4.24, 'deg': 34, 'gust': 6.86}",RU,1719346815
18,port-aux-francais,-49.35,70.2167,277.86,97,{'all': 94},"{'speed': 10.28, 'deg': 326, 'gust': 16.47}",TF,1719346816
19,hadibu,12.65,54.0333,299.99,77,{'all': 100},"{'speed': 8.98, 'deg': 208, 'gust': 14.34}",YE,1719346817
20,blackmans bay,-43.0167,147.3167,279.55,94,{'all': 100},"{'speed': 0.45, 'deg': 338, 'gust': 0.45}",AU,1719346818
21,isafjordur,66.0755,-23.124,279.25,85,{'all': 100},"{'speed': 3.34, 'deg': 171, 'gust': 5.64}",IS,1719346820
22,haiku-pauwela,20.9219,-156.3051,301.02,67,{'all': 20},"{'speed': 10.29, 'deg': 30}",US,1719346821
23,oxford,51.7522,-1.256,299.23,56,{'all': 0},"{'speed': 3.09, 'deg': 50}",GB,1719346635
24,stanley,54.868,-1.6985,290.81,85,{'all': 40},"{'speed': 2.57, 'deg': 70}",GB,1719346636
25,bethel,41.3712,-73.414,305.38,41,{'all': 0},"{'speed': 4.63, 'deg': 280, 'gust': 9.26}",US,1719346824
26,puerto natales,-51.7236,-72.4875,274.4,93,{'all': 40},"{'speed': 1.03, 'deg': 0}",CL,1719346536
27,miri,4.4148,114.0089,298.23,94,{'all': 20},"{'speed': 0, 'deg': 0}",MY,1719346827
28,ingeniero jacobacci,-41.3427,-69.5448,275.25,59,{'all': 61},"{'speed': 6.77, 'deg': 290, 'gust': 13.81}",AR,1719346828
29,grytviken,-54.2811,-36.5092,273.38,92,{'all': 100},"{'speed': 5.56, 'deg': 269, 'gust': 8.98}",GS,1719346829
30,dakhla,23.6848,-15.958,293.16,83,{'all': 0},"{'speed': 8.75, 'deg': 20}",EH,1719346830
31,ribeira brava,32.65,-17.0667,294.89,64,{'all': 0},"{'speed': 1.93, 'deg': 160, 'gust': 2.8}",PT,1719346831
32,rawson,-43.3002,-65.1023,282.49,47,{'all': 69},"{'speed': 7.08, 'deg': 322, 'gust': 10.9}",AR,1719346832
33,naze,28.3667,129.4833,297.66,91,{'all': 65},"{'speed': 3.62, 'deg': 199, 'gust': 8.16}",JP,1719346833
34,saipan,15.1355,145.701,301.54,78,{'all': 40},"{'speed': 5.66, 'deg': 90}",MP,1719346835
35,lebu,-37.6167,-73.65,282.88,75,{'all': 63},"{'speed': 1.03, 'deg': 207, 'gust': 1.76}",CL,1719346579
36,kigoma,-4.8769,29.6267,296.0,55,{'all': 0},"{'speed': 2.64, 'deg': 136, 'gust': 2.78}",TZ,1719346837
37,ca mau,9.1769,105.15,297.66,97,{'all': 100},"{'speed': 0.71, 'deg': 226, 'gust': 0.79}",VN,1719346838
38,tolanaro,-25.0319,46.9987,292.19,88,{'all': 40},"{'speed': 5.14, 'deg': 60}",MG,1719346839
39,anta,25.15,76.3,307.56,55,{'all': 53},"{'speed': 2.75, 'deg': 203, 'gust': 4.92}",IN,1719346840
40,la ronge,55.1001,-105.2842,287.15,55,{'all': 97},"{'speed': 3.22, 'deg': 78, 'gust': 5.94}",CA,1719346841
41,falmouth,50.1544,-5.0711,289.47,82,{'all': 20},"{'speed': 5.66, 'deg': 360}",GB,1719346843
42,egilsstadir,65.2653,-14.3948,286.1,50,{'all': 0},"{'speed': 6.69, 'deg': 220}",IS,1719346585
43,omutinskiy,56.4745,67.6709,284.94,89,{'all': 0},"{'speed': 4.51, 'deg': 192, 'gust': 10.61}",RU,1719346845
44,ushuaia,-54.8,-68.3,273.96,86,{'all': 40},"{'speed': 1.03, 'deg': 0}",AR,1719346089
45,papatowai,-46.5619,169.4708,283.27,96,{'all': 100},"{'speed': 4.38, 'deg': 54, 'gust': 11.09}",NZ,1719346847
46,minas de marcona,-15.2119,-75.1103,289.86,59,{'all': 4},"{'speed': 7.03, 'deg': 151, 'gust': 6.09}",PE,1719346848
47,nabire,-3.3667,135.4833,297.09,92,{'all': 80},"{'speed': 1.13, 'deg': 151, 'gust': 1.16}",ID,1719346850
48,mil'kovo,55.6078,37.7956,292.39,46,{'all': 100},"{'speed': 2.95, 'deg': 320, 'gust': 5.05}",RU,1719346851
49,whitehorse,60.7161,-135.0538,294.87,44,{'all': 15},"{'speed': 1.79, 'deg': 0, 'gust': 2.68}",CA,1719346853
50,sur,22.5667,59.5289,307.34,48,{'all': 8},"{'speed': 4.16, 'deg': 205, 'gust': 4.16}",OM,1719346854
51,utrik,11.2278,169.8474,301.16,80,{'all': 13},"{'speed': 8.72, 'deg': 74, 'gust': 9.66}",MH,1719346855
52,murzuq,25.9155,13.9184,307.58,12,{'all': 0},"{'speed': 4.13, 'deg': 157, 'gust': 4.24}",LY,1719346856
53,knyaze-volkonskoye,48.4642,135.4567,287.34,93,{'all': 48},"{'speed': 2.47, 'deg': 194, 'gust': 3.56}",RU,1719346857
54,cabo san lucas,22.8909,-109.9124,306.27,37,{'all': 75},"{'speed': 3.09, 'deg': 10}",MX,1719346858
55,sabancuy,18.9667,-91.1833,300.76,74,{'all': 94},"{'speed': 3.12, 'deg': 193, 'gust': 4.41}",MX,1719346859
56,qaqortoq,60.7167,-46.0333,276.74,84,{'all': 52},"{'speed': 2.67, 'deg': 233, 'gust': 4.07}",GL,1719346860
57,olonkinbyen,70.9221,-8.7187,274.17,94,{'all': 100},"{'speed': 7.94, 'deg': 249, 'gust': 10.75}",SJ,1719346861
58,puerto ayora,-0.7393,-90.3518,303.13,90,{'all': 64},"{'speed': 3.58, 'deg': 172, 'gust': 6.26}",EC,1719346863
59,languyan,5.2618,120.0807,298.42,91,{'all': 19},"{'speed': 0.98, 'deg': 197, 'gust': 1.1}",PH,1719346864
60,abu jibeha,11.4562,31.2285,300.09,52,{'all': 57},"{'speed': 1.94, 'deg': 120, 'gust': 2.64}",SD,1719346865
61,dhuusamarreeb,5.535,46.3861,298.54,61,{'all': 100},"{'speed': 9.19, 'deg': 194, 'gust': 14.82}",SO,1719346866
62,prince george,53.9166,-122.753,293.87,61,{'all': 100},"{'speed': 0.89, 'deg': 88, 'gust': 1.79}",CA,1719346696
63,longyearbyen,78.2186,15.6401,282.06,76,{'all': 75},"{'speed': 3.6, 'deg': 120}",SJ,1719346868
64,quatre cocos,-20.2078,57.7625,296.21,63,{'all': 92},"{'speed': 7.98, 'deg': 122, 'gust': 9.76}",MU,1719346869
65,bilibino,68.0546,166.4372,283.24,47,{'all': 8},"{'speed': 2.24, 'deg': 190, 'gust': 2.07}",RU,1719346870
66,al jubayl,27.0112,49.6583,308.83,37,{'all': 0},"{'speed': 4.41, 'deg': 286, 'gust': 4.46}",SA,1719346872
67,ilulissat,69.2167,-51.1,277.16,87,{'all': 75},"{'speed': 2.57, 'deg': 310}",GL,1719346873
68,hastings,50.8552,0.5729,294.86,84,{'all': 1},"{'speed': 4.43, 'deg': 48, 'gust': 6.16}",GB,1719346874
69,lihue,21.9789,-159.3672,300.73,81,{'all': 75},"{'speed': 8.75, 'deg': 40, 'gust': 10.8}",US,1719346875
70,tiksi,71.6872,128.8694,275.65,84,{'all': 100},"{'speed': 3.89, 'deg': 311, 'gust': 6.44}",RU,1719346876
71,iqaluit,63.7506,-68.5145,275.59,77,{'all': 75},"{'speed': 4.52, 'deg': 160, 'gust': 5.01}",CA,1719346861
72,luang namtha,20.9497,101.4011,296.16,100,{'all': 98},"{'speed': 0.33, 'deg': 173, 'gust': 0.34}",LA,1719346878
73,invercargill,-46.4,168.35,278.72,99,{'all': 100},"{'speed': 1.49, 'deg': 43, 'gust': 2.57}",NZ,1719346879
74,cangas do morrazo,42.2641,-8.7846,291.79,89,{'all': 100},"{'speed': 1.03, 'deg': 0}",ES,1719346881
75,masterton,-40.9597,175.6575,283.21,91,{'all': 100},"{'speed': 4.76, 'deg': 162, 'gust': 11.28}",NZ,1719346882
76,dryden,49.7833,-92.7503,288.89,90,{'all': 100},"{'speed': 4.14, 'deg': 18, 'gust': 8.27}",CA,1719346883
77,margaret river,-33.95,115.0667,285.87,88,{'all': 100},"{'speed': 9.26, 'deg': 34, 'gust': 15.2}",AU,1719346884
78,al bardiyah,31.7561,25.0865,298.51,65,{'all': 0},"{'speed': 3.61, 'deg': 324, 'gust': 5.21}",LY,1719346885
79,chakulia,22.4833,86.7167,302.41,76,{'all': 100},"{'speed': 4.4, 'deg': 153, 'gust': 7.23}",IN,1719346886
80,novyy urengoy,66.0833,76.6333,294.31,82,{'all': 98},"{'speed': 2.95, 'deg': 183, 'gust': 3.79}",RU,1719346888
81,port alfred,-33.5906,26.891,287.69,98,{'all': 8},"{'speed': 1.08, 'deg': 51, 'gust': 1.59}",ZA,1719346889
82,morozovsk,48.3539,41.8261,287.01,76,{'all': 17},"{'speed': 2.99, 'deg': 347, 'gust': 3.39}",RU,1719346890
83,alice springs,-23.7,133.8833,276.9,81,{'all': 0},"{'speed': 3.6, 'deg': 290}",AU,1719346891
84,kill devil hills,36.0307,-75.676,303.15,60,{'all': 0},"{'speed': 5.14, 'deg': 170, 'gust': 10.29}",US,1719346892
85,essaouira,31.5125,-9.77,293.87,83,{'all': 29},"{'speed': 6.17, 'deg': 10, 'gust': 12.35}",MA,1719346893
86,desaguadero,-16.5656,-69.0417,286.05,39,{'all': 0},"{'speed': 4.69, 'deg': 47, 'gust': 3.75}",PE,1719346894
87,rio grande,-32.035,-52.0986,286.21,66,{'all': 47},"{'speed': 3.26, 'deg': 115, 'gust': 4.42}",BR,1719346711
88,bel ombre,-4.6167,55.4167,300.06,78,{'all': 40},"{'speed': 4.63, 'deg': 140}",SC,1719346897
89,jiangyou,31.7667,104.7167,296.08,83,{'all': 100},"{'speed': 0.18, 'deg': 93, 'gust': 0.49}",CN,1719346898
90,severo-yeniseyskiy,60.3725,93.0408,287.7,70,{'all': 0},"{'speed': 1.35, 'deg': 123, 'gust': 1.29}",RU,1719346899
91,shingu,33.7333,135.9833,294.76,83,{'all': 100},"{'speed': 2.34, 'deg': 295, 'gust': 2.84}",JP,1719346900
92,sergeyevka,53.88,67.4158,287.58,81,{'all': 71},"{'speed': 2.68, 'deg': 139, 'gust': 2.99}",KZ,1719346901
93,ust-nera,64.5667,143.2,285.56,89,{'all': 100},"{'speed': 1.19, 'deg': 139, 'gust': 2.07}",RU,1719346902
94,cockburn town,21.4612,-71.1419,301.71,89,{'all': 100},"{'speed': 7.54, 'deg': 114, 'gust': 9.49}",TC,1719346796
95,carnarvon,-24.8667,113.6333,292.03,65,{'all': 3},"{'speed': 3.91, 'deg': 306, 'gust': 4.34}",AU,1719346905
96,klyuchi,52.2667,79.1667,293.09,81,{'all': 23},"{'speed': 1.03, 'deg': 160, 'gust': 1.17}",RU,1719346906
97,north platte,41.1239,-100.7654,308.7,38,{'all': 0},"{'speed': 3.13, 'deg': 300, 'gust': 4.02}",US,1719346663
98,howrah,22.5892,88.3103,304.15,79,{'all': 40},"{'speed': 3.09, 'deg': 190}",IN,1719346908
99,vadso,70.0744,29.7487,285.64,93,{'all': 0},"{'speed': 2.57, 'deg': 90}",NO,1719346909
100,margate,51.3813,1.3862,292.42,80,{'all': 3},"{'speed': 4.15, 'deg': 35, 'gust': 6.18}",GB,1719346910
101,cill airne,52.05,-9.5167,288.07,84,{'all': 92},"{'speed': 2.14, 'deg': 344, 'gust': 2.82}",IE,1719346911
102,kalat,29.0225,66.5916,296.66,20,{'all': 29},"{'speed': 2.21, 'deg': 62, 'gust': 2.36}",PK,1719346912
103,talnakh,69.4865,88.3972,290.91,70,{'all': 73},"{'speed': 3.71, 'deg': 131, 'gust': 4.24}",RU,1719346913
104,valparaiso,-33.0393,-71.6273,288.78,52,{'all': 0},"{'speed': 4.12, 'deg': 240}",CL,1719346851
105,bethanie,-26.4833,17.15,287.41,40,{'all': 0},"{'speed': 4.01, 'deg': 80, 'gust': 6.02}",NA,1719346916
106,santo antonio,-6.3106,-35.4789,297.96,86,{'all': 20},"{'speed': 5.21, 'deg': 121, 'gust': 8.76}",BR,1719346682
107,tabas,33.5959,56.9244,307.27,18,{'all': 69},"{'speed': 2.06, 'deg': 300}",IR,1719346918
108,kununurra,-15.7667,128.7333,284.14,93,{'all': 9},"{'speed': 0, 'deg': 0}",AU,1719346919
109,harper,4.375,-7.7169,298.07,81,{'all': 100},"{'speed': 4.5, 'deg': 192, 'gust': 6.37}",LR,1719346920
110,imperatriz,-5.5264,-47.4917,308.18,46,{'all': 0},"{'speed': 2.06, 'deg': 90}",BR,1719346921
111,georgetown,5.4112,100.3354,302.11,84,{'all': 20},"{'speed': 1.54, 'deg': 70}",MY,1719346759
112,sidi bel abbes,35.1899,-0.6309,297.65,33,{'all': 27},"{'speed': 1.89, 'deg': 58, 'gust': 2.38}",DZ,1719346924
113,susuman,62.7833,148.1667,288.23,71,{'all': 100},"{'speed': 1.39, 'deg': 115, 'gust': 2.1}",RU,1719346925
114,petropavlovsk-kamchatsky,53.0452,158.6483,279.48,100,{'all': 100},"{'speed': 1, 'deg': 0}",RU,1719346926
115,arraial do cabo,-22.9661,-42.0278,297.07,94,{'all': 20},"{'speed': 5.14, 'deg': 220}",BR,1719346927
116,hawaiian paradise park,19.5933,-154.9731,300.78,70,{'all': 40},"{'speed': 4.63, 'deg': 20}",US,1719346928
117,fale old settlement,-9.3852,-171.2468,301.24,79,{'all': 71},"{'speed': 10.08, 'deg': 100, 'gust': 10.98}",TK,1719346929
118,anadyr,64.75,177.4833,279.43,86,{'all': 20},"{'speed': 8, 'deg': 120}",RU,1719346930
119,port lincoln,-34.7333,135.8667,284.31,75,{'all': 58},"{'speed': 5.38, 'deg': 298, 'gust': 10.33}",AU,1719346931
120,nieuw amsterdam,5.8833,-55.0833,298.24,94,{'all': 40},"{'speed': 1.03, 'deg': 90}",SR,1719346932
121,mount isa,-20.7333,139.5,286.02,44,{'all': 100},"{'speed': 3.09, 'deg': 170}",AU,1719346934
122,labrador city,52.9463,-66.9114,298.39,28,{'all': 100},"{'speed': 7.87, 'deg': 210, 'gust': 14.41}",CA,1719346935
123,gavrilov-yam,57.3018,39.8533,289.06,90,{'all': 22},"{'speed': 3.24, 'deg': 310, 'gust': 8.91}",RU,1719346936
124,verkhnyaya tura,58.3594,59.8175,283.44,97,{'all': 99},"{'speed': 4.37, 'deg': 260, 'gust': 9.64}",RU,1719346937
125,selfoss,63.9331,-20.9971,283.73,80,{'all': 100},"{'speed': 4.78, 'deg': 162, 'gust': 6.92}",IS,1719346938
126,kichmengskiy gorodok,59.9816,45.7854,282.36,90,{'all': 0},"{'speed': 1.73, 'deg': 24, 'gust': 1.67}",RU,1719346939
127,kutum,14.2,24.6667,303.24,27,{'all': 41},"{'speed': 1.5, 'deg': 159, 'gust': 1.41}",SD,1719346940
128,port elizabeth,-33.918,25.5701,285.55,97,{'all': 0},"{'speed': 1.03, 'deg': 320}",ZA,1719346941
129,floro,61.5996,5.0328,290.19,94,{'all': 75},"{'speed': 0.51, 'deg': 0}",NO,1719346944
130,taguatinga,-12.3857,-46.5711,304.93,21,{'all': 27},"{'speed': 2.11, 'deg': 161, 'gust': 3.37}",BR,1719346945
131,hithadhoo,-0.6,73.0833,302.02,76,{'all': 99},"{'speed': 6.47, 'deg': 192, 'gust': 6.67}",MV,1719346946
132,kodiak,57.79,-152.4072,281.88,100,{'all': 100},"{'speed': 4.12, 'deg': 90}",US,1719346947
133,quirinopolis,-18.4483,-50.4517,303.17,26,{'all': 0},"{'speed': 2.09, 'deg': 48, 'gust': 3.09}",BR,1719346948
134,kokpekty,48.75,82.4,291.76,80,{'all': 14},"{'speed': 0.52, 'deg': 138, 'gust': 0.57}",KZ,1719346949
135,menomonie,44.8755,-91.9193,302.19,34,{'all': 0},"{'speed': 4.12, 'deg': 260}",US,1719346950
136,serenje,-13.2325,30.2352,282.78,94,{'all': 0},"{'speed': 2.34, 'deg': 147, 'gust': 5.92}",ZM,1719346951
137,bonthe,7.5264,-12.505,299.11,85,{'all': 100},"{'speed': 3.42, 'deg': 231, 'gust': 5.02}",SL,1719346953
138,hamilton,39.1834,-84.5333,304.94,66,{'all': 0},"{'speed': 2.06, 'deg': 110}",US,1719346907
139,leiyang,26.4024,112.8591,294.55,99,{'all': 100},"{'speed': 1.07, 'deg': 309, 'gust': 1.62}",CN,1719346955
140,tsiombe,-25.3,45.4833,292.92,76,{'all': 0},"{'speed': 5.37, 'deg': 97, 'gust': 11.84}",MG,1719346956
141,puerto baquerizo moreno,-0.9,-89.6,298.7,78,{'all': 20},"{'speed': 4.52, 'deg': 173, 'gust': 6.6}",EC,1719346957
142,thompson,55.7435,-97.8558,291.0,31,{'all': 63},"{'speed': 2.78, 'deg': 4, 'gust': 2.86}",CA,1719346958
143,mirandopolis,-21.1336,-51.1017,304.74,26,{'all': 3},"{'speed': 3.62, 'deg': 13, 'gust': 4.28}",BR,1719346959
144,keflavik,64.0049,-22.5624,284.1,81,{'all': 75},"{'speed': 7.2, 'deg': 180}",IS,1719346960
145,codrington,-38.2667,141.9667,281.91,82,{'all': 98},"{'speed': 7.13, 'deg': 338, 'gust': 12.55}",AU,1719346961
146,martapura,-3.4167,114.85,299.2,94,{'all': 75},"{'speed': 1.03, 'deg': 280}",ID,1719346963
147,faya-largeau,17.9257,19.1043,308.06,30,{'all': 2},"{'speed': 2.63, 'deg': 360, 'gust': 2.95}",TD,1719346964
148,ulsteinvik,62.3432,5.8487,287.46,92,{'all': 100},"{'speed': 0.45, 'deg': 83, 'gust': 2.68}",NO,1719346965
149,piritiba,-11.7303,-40.5553,297.67,58,{'all': 81},"{'speed': 2.16, 'deg': 160, 'gust': 4.75}",BR,1719346966
150,ixtapa,20.7,-105.2,297.72,88,{'all': 100},"{'speed': 2.57, 'deg': 350}",MX,1719346967
151,tazacorte,28.629,-17.9293,293.79,88,{'all': 75},"{'speed': 5.66, 'deg': 30}",ES,1719346968
152,lompoc,34.6391,-120.4579,301.95,57,{'all': 0},"{'speed': 5.66, 'deg': 280}",US,1719346969
153,villa carcina,45.6294,10.1965,294.19,85,{'all': 61},"{'speed': 1.29, 'deg': 16, 'gust': 0.47}",IT,1719346970
154,la sarre,48.8002,-79.1996,293.83,70,{'all': 100},"{'speed': 5.7, 'deg': 215, 'gust': 13.12}",CA,1719346971
155,weno,7.4515,151.8468,299.12,94,{'all': 100},"{'speed': 4.12, 'deg': 80}",FM,1719346973
156,nha trang,12.25,109.1833,301.15,90,{'all': 95},"{'speed': 2.53, 'deg': 292, 'gust': 2.94}",VN,1719346928
157,tobruk,32.0836,23.9764,297.98,81,{'all': 0},"{'speed': 3.73, 'deg': 313, 'gust': 5.27}",LY,1719346975
158,great falls,47.5002,-111.3008,298.24,28,{'all': 0},"{'speed': 4.12, 'deg': 20}",US,1719346739
159,afaahiti,-17.75,-149.2833,299.08,79,{'all': 100},"{'speed': 9.29, 'deg': 122, 'gust': 9.15}",PF,1719346977
160,ornskoldsvik,63.2909,18.7153,291.68,77,{'all': 0},"{'speed': 2.06, 'deg': 80}",SE,1719346978
161,olinda,-8.0089,-34.8553,300.0,78,{'all': 40},"{'speed': 4.12, 'deg': 150}",BR,1719346829
162,tura,25.5198,90.2201,298.3,93,{'all': 99},"{'speed': 1.52, 'deg': 96, 'gust': 1.34}",IN,1719346980
163,semnan,35.5729,53.3971,300.49,32,{'all': 47},"{'speed': 5.39, 'deg': 9, 'gust': 7.78}",IR,1719346981
164,stantsiya novyy afon,43.0806,40.8383,294.8,88,{'all': 28},"{'speed': 2.45, 'deg': 58, 'gust': 2.41}",GE,1719346983
165,port blair,11.6667,92.75,298.17,94,{'all': 100},"{'speed': 1.54, 'deg': 190}",IN,1719346984
166,ilovlya,49.3033,43.9796,286.66,76,{'all': 41},"{'speed': 3.8, 'deg': 329, 'gust': 7.84}",RU,1719346985
167,dzilam gonzalez,21.2833,-88.9333,304.29,63,{'all': 63},"{'speed': 2.67, 'deg': 13, 'gust': 4.81}",MX,1719346986
168,lillesand,58.2488,8.3778,291.17,72,{'all': 0},"{'speed': 3.09, 'deg': 180}",NO,1719346987
169,plyeshchanitsy,54.4222,27.8331,290.54,67,{'all': 76},"{'speed': 2.09, 'deg': 294, 'gust': 2.38}",BY,1719346988
170,berdigestyakh,62.0989,126.6992,288.53,91,{'all': 99},"{'speed': 2.85, 'deg': 318, 'gust': 9.38}",RU,1719346989
171,altai,46.3722,96.2583,289.38,33,{'all': 33},"{'speed': 0.78, 'deg': 105, 'gust': 1.45}",MN,1719346990
172,fort mcmurray,56.7268,-111.381,293.56,25,{'all': 33},"{'speed': 3.34, 'deg': 335, 'gust': 4.9}",CA,1719346992
173,batavia,41.85,-88.3126,302.75,71,{'all': 0},"{'speed': 10.29, 'deg': 230, 'gust': 14.92}",US,1719346803
174,vorgashor,67.5833,63.95,289.36,91,{'all': 100},"{'speed': 3.27, 'deg': 54, 'gust': 5.1}",RU,1719346994
175,bambanglipuro,-7.95,110.2833,297.28,88,{'all': 34},"{'speed': 2.85, 'deg': 100, 'gust': 5.5}",ID,1719346995
176,tidjikja,18.5564,-11.4271,310.83,11,{'all': 4},"{'speed': 4.15, 'deg': 11, 'gust': 4.23}",MR,1719346996
177,uturoa,-16.7333,-151.4333,298.23,77,{'all': 100},"{'speed': 10.4, 'deg': 124, 'gust': 10.42}",PF,1719346997
178,mao,39.8885,4.2658,294.46,78,{'all': 0},"{'speed': 2.57, 'deg': 180}",ES,1719346998
179,toliara,-23.35,43.6667,296.1,60,{'all': 0},"{'speed': 7.38, 'deg': 86, 'gust': 11.59}",MG,1719346999
180,usinsk,65.9939,57.5281,284.68,96,{'all': 100},"{'speed': 6.96, 'deg': 330, 'gust': 10.85}",RU,1719346706
181,punta arenas,-53.15,-70.9167,275.21,87,{'all': 75},"{'speed': 3.09, 'deg': 220}",CL,1719346898
182,tromso,69.6496,18.957,284.16,87,{'all': 75},"{'speed': 10.29, 'deg': 280}",NO,1719346782
183,okhotsk,59.3833,143.3,282.63,83,{'all': 27},"{'speed': 1.14, 'deg': 174, 'gust': 1.15}",RU,1719347004
184,sevastopol,44.6,33.5333,295.37,58,{'all': 0},"{'speed': 0.89, 'deg': 311, 'gust': 2.24}",UA,1719347005
185,yaring,6.8662,101.3689,299.27,86,{'all': 100},"{'speed': 1.18, 'deg': 185, 'gust': 1.22}",TH,1719347006
186,el granada,37.5027,-122.4694,309.22,63,{'all': 75},"{'speed': 7.2, 'deg': 310}",US,1719347007
187,merefa,49.8197,36.0519,286.5,88,{'all': 3},"{'speed': 3.49, 'deg': 358, 'gust': 8.16}",UA,1719347008
188,kone,-21.0595,164.8658,292.38,83,{'all': 46},"{'speed': 1.71, 'deg': 51, 'gust': 1.5}",NC,1719347010
189,port mathurin,-19.6833,63.4167,296.0,60,{'all': 1},"{'speed': 10.23, 'deg': 127, 'gust': 10.76}",MU,1719347011
190,ataq,14.5377,46.8319,301.93,44,{'all': 16},"{'speed': 2.69, 'deg': 139, 'gust': 2.64}",YE,1719347012
191,atafu village,-8.5421,-172.5159,301.43,78,{'all': 32},"{'speed': 6.94, 'deg': 95, 'gust': 7.61}",TK,1719347013
192,alesund,62.4723,6.1549,287.46,94,{'all': 75},"{'speed': 1.54, 'deg': 340}",NO,1719346945
193,yellowknife,62.456,-114.3525,292.27,46,{'all': 37},"{'speed': 4.02, 'deg': 312, 'gust': 1.79}",CA,1719347015
194,nova xavantina,-14.6667,-52.35,305.34,26,{'all': 0},"{'speed': 1.33, 'deg': 97, 'gust': 2.16}",BR,1719347017
195,san patricio,28.017,-97.5169,307.68,60,{'all': 61},"{'speed': 5.34, 'deg': 143, 'gust': 4.9}",US,1719347019
196,nouadhibou,20.931,-17.0347,294.14,78,{'all': 1},"{'speed': 8.23, 'deg': 360}",MR,1719347020
197,tazovsky,67.4667,78.7,290.37,85,{'all': 24},"{'speed': 4.21, 'deg': 130, 'gust': 5.57}",RU,1719347021
198,senador jose porfirio,-2.5908,-51.9542,300.62,74,{'all': 19},"{'speed': 2.5, 'deg': 233, 'gust': 2.7}",BR,1719347022
199,baiti,13.745,-14.7482,308.72,34,{'all': 99},"{'speed': 2.98, 'deg': 258, 'gust': 5.12}",SN,1719347023
200,sao tome,0.3365,6.7273,299.17,78,{'all': 75},"{'speed': 1.03, 'deg': 90}",ST,1719347024
201,sorbhog,26.5,90.8667,299.83,94,{'all': 97},"{'speed': 2.12, 'deg': 82, 'gust': 3.58}",IN,1719347025
202,shenkursk,62.1091,42.896,284.9,89,{'all': 3},"{'speed': 2.48, 'deg': 308, 'gust': 5.35}",RU,1719347026
203,plastun,44.7561,136.2939,281.42,97,{'all': 89},"{'speed': 1.46, 'deg': 274, 'gust': 1.32}",RU,1719347027
204,vilyuchinsk,52.9306,158.4028,280.3,80,{'all': 99},"{'speed': 0.47, 'deg': 282, 'gust': 0.93}",RU,1719347029
205,chern',53.4523,36.9145,286.23,88,{'all': 76},"{'speed': 3.55, 'deg': 327, 'gust': 7.6}",RU,1719347030
206,beipiao,41.7919,120.7792,292.58,43,{'all': 1},"{'speed': 2.37, 'deg': 217, 'gust': 2.41}",CN,1719347031
207,touros,-5.1989,-35.4608,299.11,82,{'all': 12},"{'speed': 5.7, 'deg': 128, 'gust': 9.2}",BR,1719347032
208,douglas,41.3,-96.167,308.44,59,{'all': 40},"{'speed': 1.54, 'deg': 180}",US,1719347033
209,mata-utu,-13.2816,-176.1745,300.53,75,{'all': 80},"{'speed': 9.61, 'deg': 104, 'gust': 10.16}",WF,1719347034
210,hammerfest,70.6634,23.6821,286.4,94,{'all': 75},"{'speed': 4.63, 'deg': 280}",NO,1719347035
211,dalandzadgad,43.5708,104.425,294.43,35,{'all': 2},"{'speed': 3.02, 'deg': 191, 'gust': 4.07}",MN,1719347036
212,kailua-kona,19.6406,-155.9956,301.13,75,{'all': 0},"{'speed': 3.6, 'deg': 250}",US,1719346821
213,navlya,52.8281,34.4989,287.06,82,{'all': 100},"{'speed': 1.25, 'deg': 324, 'gust': 1.3}",RU,1719347039
214,rawai,7.7797,98.3253,300.21,75,{'all': 100},"{'speed': 1.65, 'deg': 225, 'gust': 2}",TH,1719347040
215,new norfolk,-42.7826,147.0587,280.21,97,{'all': 100},"{'speed': 0.48, 'deg': 33, 'gust': 0.55}",AU,1719347041
216,phan thiet,10.9333,108.1,299.01,86,{'all': 100},"{'speed': 3.25, 'deg': 283, 'gust': 5.02}",VN,1719347042
217,callao,-12.0667,-77.15,294.1,72,{'all': 100},"{'speed': 2.06, 'deg': 240}",PE,1719347043
218,kapa'a,22.0752,-159.319,301.14,86,{'all': 75},"{'speed': 8.75, 'deg': 40, 'gust': 10.8}",US,1719347044
219,hasaki,35.7333,140.8333,297.37,86,{'all': 23},"{'speed': 0.73, 'deg': 214, 'gust': 1.15}",JP,1719347045
220,nagqu,31.5,92.0,280.8,86,{'all': 100},"{'speed': 1.25, 'deg': 26, 'gust': 1.33}",CN,1719347046
221,lautoka,-17.6167,177.4667,295.07,83,{'all': 40},"{'speed': 0, 'deg': 0}",FJ,1719347047
222,constantia,44.1833,28.65,292.53,76,{'all': 0},"{'speed': 0.9, 'deg': 240, 'gust': 0.78}",RO,1719346792
223,nueva concepcion,14.2,-91.3,303.86,71,{'all': 26},"{'speed': 3.64, 'deg': 226, 'gust': 3.07}",GT,1719347050
224,horsham,51.064,-0.3272,297.99,57,{'all': 0},"{'speed': 1.54, 'deg': 260}",GB,1719347053
225,vorkuta,67.5,64.0,289.62,90,{'all': 100},"{'speed': 2.99, 'deg': 56, 'gust': 4.32}",RU,1719347054
226,rumphi,-11.0186,33.8575,286.04,81,{'all': 1},"{'speed': 1.97, 'deg': 78, 'gust': 2.29}",MW,1719347055
227,tocopilla,-22.092,-70.1979,291.68,74,{'all': 26},"{'speed': 7.01, 'deg': 206, 'gust': 6.2}",CL,1719346914
228,padang,-0.9492,100.3543,299.18,89,{'all': 84},"{'speed': 1.78, 'deg': 65, 'gust': 1.2}",ID,1719347058
229,nova sintra,14.8667,-24.7167,296.08,83,{'all': 0},"{'speed': 7.11, 'deg': 16, 'gust': 7.18}",CV,1719347059
230,maragogi,-9.0122,-35.2225,297.56,87,{'all': 52},"{'speed': 4.66, 'deg': 119, 'gust': 7.81}",BR,1719347060
231,andover,51.2083,-1.4825,298.18,63,{'all': 0},"{'speed': 3.09, 'deg': 280}",GB,1719347061
232,woodway,31.506,-97.205,309.05,53,{'all': 40},"{'speed': 5.66, 'deg': 160, 'gust': 8.23}",US,1719347062
233,burhar,23.2167,81.5333,303.47,58,{'all': 86},"{'speed': 1.36, 'deg': 191, 'gust': 1.38}",IN,1719347063
234,aoulef,26.9667,1.0833,313.82,7,{'all': 66},"{'speed': 3.26, 'deg': 207, 'gust': 3.22}",DZ,1719347065
235,ahwa,20.75,73.6833,299.58,89,{'all': 87},"{'speed': 2.03, 'deg': 179, 'gust': 4.46}",IN,1719347066
236,richfield,44.8833,-93.283,303.25,48,{'all': 75},"{'speed': 4.63, 'deg': 230}",US,1719346941
237,crystal city,28.6775,-99.8281,309.21,44,{'all': 40},"{'speed': 5.14, 'deg': 150, 'gust': 8.23}",US,1719347068
238,igbo-ora,7.4333,3.2833,297.12,93,{'all': 99},"{'speed': 3.69, 'deg': 198, 'gust': 8.53}",NG,1719347069
239,drouin,-38.1333,145.85,284.25,66,{'all': 77},"{'speed': 1.38, 'deg': 337, 'gust': 4.59}",AU,1719347070
240,iskateley,67.6803,53.1512,276.73,95,{'all': 100},"{'speed': 6.41, 'deg': 354, 'gust': 11.57}",RU,1719347071
241,gadzhiyevo,69.2551,33.3362,287.56,73,{'all': 69},"{'speed': 2.87, 'deg': 212, 'gust': 3.24}",RU,1719347072
242,sonoita,31.85,-112.8333,309.49,33,{'all': 69},"{'speed': 2.71, 'deg': 145, 'gust': 2.63}",MX,1719347073
243,mumbwa,-14.9783,27.0619,285.57,71,{'all': 0},"{'speed': 2.12, 'deg': 64, 'gust': 7.13}",ZM,1719347075
244,nizhnesortymskiy,62.4397,71.7603,290.66,85,{'all': 100},"{'speed': 6.56, 'deg': 112, 'gust': 11.58}",RU,1719347076
245,askoy,60.4092,5.226,293.68,100,{'all': 75},"{'speed': 0, 'deg': 0}",NO,1719347077
246,xilin hot,43.9667,116.0333,291.2,40,{'all': 61},"{'speed': 1.64, 'deg': 162, 'gust': 1.61}",CN,1719347078
247,zlotow,53.3635,17.0408,290.98,78,{'all': 38},"{'speed': 2.47, 'deg': 82, 'gust': 2.68}",PL,1719347079
248,zuunmod,47.7069,106.9528,282.72,73,{'all': 17},"{'speed': 2.37, 'deg': 83, 'gust': 2.31}",MN,1719347080
249,sinabang,2.4803,96.3801,298.84,86,{'all': 86},"{'speed': 0.13, 'deg': 299, 'gust': 0.35}",ID,1719347081
250,happy valley-goose bay,53.3168,-60.3315,296.79,27,{'all': 11},"{'speed': 0.85, 'deg': 128, 'gust': 5.9}",CA,1719346982
251,salalah,17.0151,54.0924,303.2,89,{'all': 75},"{'speed': 4.12, 'deg': 170}",OM,1719347083
252,selkirk,50.1436,-96.8845,290.78,80,{'all': 97},"{'speed': 6.48, 'deg': 323, 'gust': 8.47}",CA,1719347085
253,jamestown,42.097,-79.2353,301.92,55,{'all': 0},"{'speed': 9.26, 'deg': 220, 'gust': 13.38}",US,1719347028
254,newman,37.3138,-121.0208,310.96,11,{'all': 12},"{'speed': 2, 'deg': 245, 'gust': 2.95}",US,1719347087
255,shangqiu,34.45,115.65,296.8,63,{'all': 58},"{'speed': 2.27, 'deg': 171, 'gust': 3.89}",CN,1719347088
256,san antonio de pale,-1.4014,5.6325,296.59,89,{'all': 73},"{'speed': 2.77, 'deg': 186, 'gust': 2.96}",GQ,1719347089
257,jiwani,25.05,61.7417,302.97,81,{'all': 8},"{'speed': 4.66, 'deg': 192, 'gust': 5.1}",PK,1719347057
258,taoudenni,22.6783,-3.9836,314.73,7,{'all': 96},"{'speed': 2.97, 'deg': 301, 'gust': 3.1}",ML,1719347091
259,barra do bugres,-15.0725,-57.1811,307.97,23,{'all': 0},"{'speed': 1.32, 'deg': 55, 'gust': 1.73}",BR,1719347092
260,crane,31.3974,-102.3501,310.05,31,{'all': 0},"{'speed': 6.83, 'deg': 157, 'gust': 4.55}",US,1719347094
261,angaur state,6.906,134.13,299.87,88,{'all': 100},"{'speed': 10.02, 'deg': 116, 'gust': 12.86}",PW,1719347095
262,lorengau,-2.0226,147.2712,300.91,79,{'all': 100},"{'speed': 3.26, 'deg': 124, 'gust': 5.03}",PG,1719347096
263,tomakivka,47.8157,34.7414,289.25,73,{'all': 0},"{'speed': 3.43, 'deg': 7, 'gust': 8.35}",UA,1719347097
264,mirny,62.5353,113.9611,289.68,61,{'all': 94},"{'speed': 1.72, 'deg': 321, 'gust': 1.71}",RU,1719347098
265,juan griego,11.0817,-63.9655,306.22,66,{'all': 67},"{'speed': 4.12, 'deg': 60}",VE,1719347099
266,ruteng,-8.6136,120.4721,289.36,96,{'all': 91},"{'speed': 1.36, 'deg': 154, 'gust': 1.83}",ID,1719347048
267,castillos,-34.1667,-53.8333,280.5,71,{'all': 8},"{'speed': 1.88, 'deg': 159, 'gust': 2.72}",UY,1719347101
268,bheramara,24.0232,88.9925,302.84,71,{'all': 100},"{'speed': 3.82, 'deg': 186, 'gust': 7.65}",BD,1719347102
269,geraldton,-28.7667,114.6,283.38,76,{'all': 1},"{'speed': 6.17, 'deg': 20}",AU,1719347104
270,miyaly,48.8844,53.7836,292.01,53,{'all': 24},"{'speed': 2.86, 'deg': 305, 'gust': 3.68}",KZ,1719347105
271,port moresby,-9.4431,147.1797,296.83,100,{'all': 20},"{'speed': 1.03, 'deg': 0}",PG,1719346848
272,west island,-12.1568,96.8225,300.14,74,{'all': 20},"{'speed': 5.14, 'deg': 110}",CC,1719347107
273,brisas de zicatela,15.8369,-97.0419,304.44,74,{'all': 40},"{'speed': 3.6, 'deg': 250}",MX,1719347108
274,ancud,-41.8697,-73.8203,281.55,81,{'all': 100},"{'speed': 8.13, 'deg': 312, 'gust': 10.74}",CL,1719346956
275,polyarnyy,69.1989,33.4478,287.18,73,{'all': 58},"{'speed': 3.09, 'deg': 211, 'gust': 3.54}",RU,1719346932
276,aykhal,66.0,111.5,286.78,87,{'all': 100},"{'speed': 3.88, 'deg': 33, 'gust': 5.42}",RU,1719347112
277,seven pagodas,12.6264,80.1722,303.12,58,{'all': 86},"{'speed': 8.09, 'deg': 253, 'gust': 13.44}",IN,1719347113
278,agat village,13.3886,144.6585,302.21,84,{'all': 40},"{'speed': 5.14, 'deg': 80}",GU,1719347114
279,kruisfontein,-34.0033,24.7314,283.64,91,{'all': 0},"{'speed': 1.81, 'deg': 1, 'gust': 1.81}",ZA,1719347115
280,zaragoza,41.6561,-0.8773,303.42,38,{'all': 0},"{'speed': 7.2, 'deg': 100}",ES,1719347089
281,malvan,16.0667,73.4667,301.0,85,{'all': 100},"{'speed': 9.52, 'deg': 243, 'gust': 11.89}",IN,1719347117
282,namibe,-15.1961,12.1522,293.32,90,{'all': 4},"{'speed': 0.94, 'deg': 315, 'gust': 1.17}",AO,1719347118
283,kourou,5.1552,-52.6478,304.18,86,{'all': 51},"{'speed': 1.16, 'deg': 70, 'gust': 1.66}",GF,1719347119
284,dongcun,36.7767,121.1597,292.71,75,{'all': 0},"{'speed': 1.16, 'deg': 22, 'gust': 0.75}",CN,1719347120
285,queenstown,-31.8976,26.8753,281.93,88,{'all': 0},"{'speed': 1.4, 'deg': 107, 'gust': 1.43}",ZA,1719347123
286,teknaf,20.8624,92.3058,300.67,89,{'all': 100},"{'speed': 3.31, 'deg': 123, 'gust': 4.88}",BD,1719347124
287,college,64.8569,-147.8028,295.98,50,{'all': 40},"{'speed': 0, 'deg': 0}",US,1719347125
288,rajmahal,25.05,87.8333,304.23,68,{'all': 100},"{'speed': 2.02, 'deg': 143, 'gust': 5.5}",IN,1719347126
289,hatillo,18.4863,-66.8254,306.92,75,{'all': 4},"{'speed': 4.02, 'deg': 45, 'gust': 10.28}",PR,1719347127
290,dudinka,69.4058,86.1778,292.22,71,{'all': 17},"{'speed': 3.17, 'deg': 114, 'gust': 3.5}",RU,1719347128
291,vengerovo,55.6848,76.7471,290.48,85,{'all': 53},"{'speed': 3.18, 'deg': 214, 'gust': 4.27}",RU,1719347129
292,glace bay,46.1969,-59.957,289.7,95,{'all': 100},"{'speed': 6.69, 'deg': 20}",CA,1719347131
293,mount pearl,47.5166,-52.7813,283.89,98,{'all': 100},"{'speed': 5.66, 'deg': 90}",CA,1719346879
294,tambura,5.6,27.4667,294.53,88,{'all': 44},"{'speed': 2.23, 'deg': 22, 'gust': 4.72}",SS,1719347133
295,coquimbo,-29.9533,-71.3436,289.0,49,{'all': 0},"{'speed': 5.66, 'deg': 290}",CL,1719346938
296,bubaque,11.2833,-15.8333,300.65,82,{'all': 100},"{'speed': 3.58, 'deg': 272, 'gust': 3.67}",GW,1719347135
297,tarawa,1.419,172.984,303.2,74,{'all': 20},"{'speed': 3.6, 'deg': 80}",KI,1719347136
298,farmville,37.3021,-78.3919,308.02,33,{'all': 40},"{'speed': 2.57, 'deg': 240}",US,1719347137
299,tshikapa,-6.4167,20.8,296.32,37,{'all': 1},"{'speed': 1.5, 'deg': 106, 'gust': 1.88}",CD,1719347138
300,bojnurd,37.4747,57.329,297.12,53,{'all': 0},"{'speed': 6.17, 'deg': 290, 'gust': 10.8}",IR,1719347140
301,hami,42.8,93.45,306.95,18,{'all': 0},"{'speed': 11.23, 'deg': 31, 'gust': 15.06}",CN,1719347141
302,tommot,58.9564,126.2925,289.11,85,{'all': 27},"{'speed': 1.12, 'deg': 237, 'gust': 1.13}",RU,1719347142
303,pisco,-13.7,-76.2167,291.18,77,{'all': 13},"{'speed': 5.14, 'deg': 280}",PE,1719347041
304,bulungu,-4.55,18.6,298.18,39,{'all': 13},"{'speed': 1.44, 'deg': 159, 'gust': 1.47}",CD,1719347144
305,plettenberg bay,-34.0527,23.3716,285.99,87,{'all': 0},"{'speed': 0.98, 'deg': 320, 'gust': 0.89}",ZA,1719347145
306,broken hill,-31.95,141.4333,280.02,59,{'all': 9},"{'speed': 4.81, 'deg': 330, 'gust': 7.16}",AU,1719347146
307,wanning,18.8003,110.3967,299.53,93,{'all': 68},"{'speed': 3.74, 'deg': 165, 'gust': 6.6}",CN,1719347149
308,derbent,42.0678,48.2899,298.65,68,{'all': 74},"{'speed': 1.98, 'deg': 348, 'gust': 1.99}",RU,1719347150
309,guadalajara,20.6667,-103.3333,293.02,88,{'all': 100},"{'speed': 2.57, 'deg': 130}",MX,1719346917
310,lukolela,-1.0605,17.1821,299.53,57,{'all': 91},"{'speed': 0.46, 'deg': 320, 'gust': 0.52}",CD,1719347152
311,vanzago,45.527,8.994,293.69,84,{'all': 93},"{'speed': 1.14, 'deg': 328, 'gust': 1.08}",IT,1719347153
312,ola,59.5833,151.2833,280.35,93,{'all': 98},"{'speed': 2.42, 'deg': 215, 'gust': 2.69}",RU,1719347154
313,oneonta,42.4529,-75.0638,302.76,47,{'all': 76},"{'speed': 0.45, 'deg': 222, 'gust': 5.81}",US,1719347155
314,kamina,-8.7386,24.9906,288.88,46,{'all': 0},"{'speed': 1.4, 'deg': 149, 'gust': 1.46}",CD,1719347156
315,simpang,-1.2667,104.0833,296.68,100,{'all': 100},"{'speed': 1.05, 'deg': 158, 'gust': 3.88}",ID,1719347157
316,galeana,24.8333,-100.0667,298.69,60,{'all': 28},"{'speed': 4.45, 'deg': 64, 'gust': 2.8}",MX,1719347159
317,al wajh,26.2455,36.4525,304.12,58,{'all': 0},"{'speed': 3.6, 'deg': 310}",SA,1719347160
318,hashtpar,37.8008,48.9037,298.62,84,{'all': 100},"{'speed': 1, 'deg': 250, 'gust': 0.94}",IR,1719347161
319,khost,33.3395,69.9204,300.77,36,{'all': 68},"{'speed': 1.69, 'deg': 285, 'gust': 1.97}",AF,1719347162
320,gaiman,-43.2897,-65.4929,281.67,45,{'all': 99},"{'speed': 4.63, 'deg': 316, 'gust': 6.68}",AR,1719347163
321,murray bridge,-35.1167,139.2667,282.78,86,{'all': 2},"{'speed': 4.58, 'deg': 318, 'gust': 10.32}",AU,1719347164
322,ulety,51.3572,112.4849,287.4,96,{'all': 100},"{'speed': 1.11, 'deg': 241, 'gust': 1.15}",RU,1719347165
323,shar,49.5886,81.0453,294.07,61,{'all': 3},"{'speed': 3.2, 'deg': 168, 'gust': 3.37}",KZ,1719347167
324,remire-montjoly,4.9167,-52.2667,304.17,66,{'all': 0},"{'speed': 1.54, 'deg': 220}",GF,1719347168
325,hobyo,5.3505,48.5268,298.89,73,{'all': 82},"{'speed': 12.72, 'deg': 205, 'gust': 18.27}",SO,1719347169
326,manacapuru,-3.2997,-60.6206,305.79,51,{'all': 86},"{'speed': 1.95, 'deg': 31, 'gust': 3.02}",BR,1719347170
327,dhar,22.6,75.3,302.31,68,{'all': 0},"{'speed': 0.95, 'deg': 320, 'gust': 1.13}",IN,1719347171
328,goure,13.9835,10.2704,304.28,42,{'all': 84},"{'speed': 1.99, 'deg': 258, 'gust': 2.41}",NE,1719347172
329,st. john's,47.5649,-52.7093,284.08,98,{'all': 100},"{'speed': 5.66, 'deg': 90}",CA,1719347153
330,san rafael,-34.6177,-68.3301,282.01,40,{'all': 2},"{'speed': 4.03, 'deg': 357, 'gust': 3.68}",AR,1719347174
331,fort-shevchenko,44.5086,50.263,296.93,68,{'all': 100},"{'speed': 2.81, 'deg': 215, 'gust': 3.33}",KZ,1719347176
332,flying fish cove,-10.4217,105.6791,297.97,83,{'all': 100},"{'speed': 4.63, 'deg': 120}",CX,1719347177
333,parry sound,45.3501,-80.033,291.1,99,{'all': 100},"{'speed': 3.32, 'deg': 177, 'gust': 9.48}",CA,1719347178
334,badger,64.8,-147.5333,295.93,49,{'all': 40},"{'speed': 0, 'deg': 0}",US,1719347179
335,goz beida,13.95,20.55,302.08,48,{'all': 100},"{'speed': 4.74, 'deg': 280, 'gust': 5.27}",TD,1719347180
336,tralee,52.2704,-9.7026,286.23,84,{'all': 49},"{'speed': 2.16, 'deg': 341, 'gust': 3.31}",IE,1719347181
337,sibalom,10.79,122.0178,298.55,87,{'all': 67},"{'speed': 1.1, 'deg': 58, 'gust': 1.04}",PH,1719347182
338,wailua homesteads,22.0669,-159.378,300.39,86,{'all': 75},"{'speed': 8.75, 'deg': 40, 'gust': 10.8}",US,1719347183
339,kindu,-2.95,25.95,297.71,46,{'all': 48},"{'speed': 1.07, 'deg': 187, 'gust': 1.11}",CD,1719347184
340,la foa,-21.7108,165.8276,292.09,80,{'all': 38},"{'speed': 0.84, 'deg': 29, 'gust': 0.53}",NC,1719347186
341,jiquilisco,13.3167,-88.5833,303.01,72,{'all': 100},"{'speed': 3.74, 'deg': 201, 'gust': 2.74}",SV,1719347187
342,north bend,43.4065,-124.2243,298.28,77,{'all': 20},"{'speed': 5.66, 'deg': 340}",US,1719347039
343,kidal,18.4411,1.4078,304.88,35,{'all': 97},"{'speed': 8.91, 'deg': 239, 'gust': 8.49}",ML,1719347189
344,kittila,67.6647,24.8936,294.23,56,{'all': 0},"{'speed': 3.09, 'deg': 180}",FI,1719347190
345,gazipasa,36.2694,32.3179,300.2,83,{'all': 20},"{'speed': 1.54, 'deg': 310}",TR,1719347191
346,prymors'k,46.7348,36.3443,292.46,59,{'all': 61},"{'speed': 5.23, 'deg': 350, 'gust': 9.05}",UA,1719347193
347,semey,50.4111,80.2275,295.15,64,{'all': 89},"{'speed': 3.98, 'deg': 111, 'gust': 5.55}",KZ,1719347195
348,al wafrah,28.6392,47.9306,308.87,15,{'all': 0},"{'speed': 5.32, 'deg': 273, 'gust': 8.07}",KW,1719347196
349,parral,26.9333,-105.6667,304.59,27,{'all': 0},"{'speed': 4.99, 'deg': 98, 'gust': 5.55}",MX,1719347197
350,hovd,48.0056,91.6419,296.43,36,{'all': 98},"{'speed': 2.47, 'deg': 283, 'gust': 2.25}",MN,1719347198
351,jeddah,21.5169,39.2192,307.07,26,{'all': 0},"{'speed': 3.09, 'deg': 360}",SA,1719347199
352,porto novo,6.4965,2.6036,300.05,83,{'all': 100},"{'speed': 3.41, 'deg': 217, 'gust': 6.83}",BJ,1719347200
353,broome,42.2506,-75.833,302.94,46,{'all': 0},"{'speed': 7.2, 'deg': 230, 'gust': 11.32}",US,1719347202
354,hirara,24.8,125.2833,301.07,100,{'all': 20},"{'speed': 4.12, 'deg': 150}",JP,1719347203
355,kennett,36.2362,-90.0556,309.25,52,{'all': 97},"{'speed': 2.24, 'deg': 260, 'gust': 3.58}",US,1719347204
356,luganville,-15.5333,167.1667,298.66,81,{'all': 100},"{'speed': 5.66, 'deg': 113, 'gust': 9.68}",VU,1719347205
357,shipunovo,52.1582,82.2173,292.23,81,{'all': 1},"{'speed': 2.32, 'deg': 173, 'gust': 2.46}",RU,1719347206
358,bandarbeyla,9.4942,50.8122,298.12,81,{'all': 86},"{'speed': 13.57, 'deg': 201, 'gust': 19.32}",SO,1719347207
359,ialibu,-6.2821,143.9935,286.7,97,{'all': 70},"{'speed': 0.96, 'deg': 349, 'gust': 0.77}",PG,1719347208
360,bantay,17.5847,120.3892,300.69,83,{'all': 38},"{'speed': 2.03, 'deg': 115, 'gust': 1.86}",PH,1719347209
361,aasiaat,68.7098,-52.8699,275.47,87,{'all': 100},"{'speed': 3.66, 'deg': 307, 'gust': 4.64}",GL,1719347210
362,edd,13.9297,41.6925,307.5,47,{'all': 100},"{'speed': 3.85, 'deg': 287, 'gust': 6.28}",ER,1719347212
363,alofi,-19.0595,-169.9187,296.09,78,{'all': 75},"{'speed': 2.57, 'deg': 120}",NU,1719347213
364,uruzgan,32.8333,66.0,296.12,17,{'all': 0},"{'speed': 0.55, 'deg': 332, 'gust': 1.1}",AF,1719347214
365,murghob,38.1702,73.9667,282.08,55,{'all': 60},"{'speed': 1.7, 'deg': 65, 'gust': 1.87}",TJ,1719347215
366,toamasina,-18.1667,49.3833,293.15,88,{'all': 20},"{'speed': 2.57, 'deg': 270}",MG,1719347216
367,intendente alvear,-35.2338,-63.592,283.48,53,{'all': 100},"{'speed': 3.99, 'deg': 4, 'gust': 5.24}",AR,1719347073
368,funafuti,-8.5243,179.1942,303.15,70,{'all': 40},"{'speed': 7.72, 'deg': 100}",TV,1719347219
369,urengoy,65.9667,78.3667,294.54,74,{'all': 63},"{'speed': 3.48, 'deg': 115, 'gust': 4.66}",RU,1719347220
370,puerto aysen,-45.4,-72.7,277.92,99,{'all': 100},"{'speed': 3.17, 'deg': 319, 'gust': 8.52}",CL,1719347221
371,baley,51.6,116.6333,287.11,84,{'all': 98},"{'speed': 1.21, 'deg': 189, 'gust': 1.28}",RU,1719346967
372,horta,38.5333,-28.6333,293.95,78,{'all': 20},"{'speed': 3.09, 'deg': 150}",PT,1719347223
373,lanzhou,36.0564,103.7922,296.26,47,{'all': 100},"{'speed': 0.87, 'deg': 110, 'gust': 0.93}",CN,1719347224
374,nishinoomote,30.7333,131.0,297.79,95,{'all': 100},"{'speed': 3.59, 'deg': 310, 'gust': 3.62}",JP,1719347225
375,itoman,26.1247,127.6694,301.36,96,{'all': 20},"{'speed': 4.63, 'deg': 150}",JP,1719347226
376,urkarakh,42.163,47.6307,288.24,80,{'all': 95},"{'speed': 1.66, 'deg': 275, 'gust': 1.56}",RU,1719347228
377,kondopoga,62.2057,34.2614,287.97,84,{'all': 100},"{'speed': 1.64, 'deg': 309, 'gust': 1.66}",RU,1719347229
378,garachico,28.7781,-17.7646,292.31,83,{'all': 75},"{'speed': 5.66, 'deg': 30}",ES,1719347230
379,barra de santo antonio,-9.4047,-35.5072,296.75,83,{'all': 51},"{'speed': 5.5, 'deg': 121, 'gust': 8.02}",BR,1719347231
380,kingston,17.997,-76.7936,306.68,62,{'all': 76},"{'speed': 10.8, 'deg': 140}",JM,1719347232
381,salinopolis,-0.6136,-47.3561,300.13,83,{'all': 0},"{'speed': 5.39, 'deg': 79, 'gust': 7.07}",BR,1719347233
382,nuku'alofa,-21.1333,-175.2,294.34,88,{'all': 20},"{'speed': 2.06, 'deg': 20}",TO,1719347234
383,oriximina,-1.7656,-55.8661,302.11,64,{'all': 87},"{'speed': 1.74, 'deg': 129, 'gust': 3.59}",BR,1719347168
384,columbia falls,48.3725,-114.1815,299.01,27,{'all': 0},"{'speed': 2.06, 'deg': 350}",US,1719347021
385,manaure,11.7751,-72.4445,305.81,52,{'all': 100},"{'speed': 7.18, 'deg': 100, 'gust': 9.1}",CO,1719347238
386,zanzibar,-6.1639,39.1979,297.09,80,{'all': 39},"{'speed': 5.09, 'deg': 159, 'gust': 9.13}",TZ,1719347239
387,labytnangi,66.6572,66.4183,290.12,96,{'all': 100},"{'speed': 3.63, 'deg': 45, 'gust': 6.52}",RU,1719347240
388,erdenet,49.0333,104.0833,286.11,88,{'all': 82},"{'speed': 1.32, 'deg': 273, 'gust': 1.28}",MN,1719347241
389,nicoya,10.1483,-85.452,302.25,77,{'all': 95},"{'speed': 1.47, 'deg': 224, 'gust': 1.26}",CR,1719347242
390,marquette,46.5333,-87.6335,301.02,32,{'all': 1},"{'speed': 7.15, 'deg': 309, 'gust': 11.18}",US,1719347244
391,fort st. john,56.2499,-120.8529,289.85,58,{'all': 59},"{'speed': 2.6, 'deg': 129, 'gust': 2.68}",CA,1719347245
392,gorontalo,0.5412,123.0595,296.99,95,{'all': 92},"{'speed': 1.36, 'deg': 118, 'gust': 2.54}",ID,1719347246
393,marsh harbour,26.5412,-77.0636,302.74,66,{'all': 28},"{'speed': 3.26, 'deg': 226, 'gust': 4.1}",BS,1719347247
394,al manaqil,14.2459,32.9891,307.06,32,{'all': 10},"{'speed': 4.35, 'deg': 190, 'gust': 7.07}",SD,1719347248
395,ad darb,17.7229,42.2526,306.59,58,{'all': 100},"{'speed': 2.78, 'deg': 176, 'gust': 3.05}",SA,1719347249
396,i-n-salah,27.1935,2.4607,313.12,7,{'all': 27},"{'speed': 3.58, 'deg': 52, 'gust': 3.78}",DZ,1719347250
397,wundanyi,-3.4019,38.364,288.86,72,{'all': 15},"{'speed': 4.13, 'deg': 181, 'gust': 7.99}",KE,1719347251
398,princeville,45.7668,-61.2985,291.83,93,{'all': 100},"{'speed': 3.54, 'deg': 66, 'gust': 9.5}",CA,1719347252
399,san mariano,7.5,126.0,295.36,94,{'all': 100},"{'speed': 1.18, 'deg': 80, 'gust': 1.26}",PH,1719347254
400,n'dalatando,-9.2978,14.9116,293.29,50,{'all': 52},"{'speed': 1.91, 'deg': 298, 'gust': 2.3}",AO,1719347255
401,kachkanar,58.7,59.4948,283.63,99,{'all': 100},"{'speed': 2.29, 'deg': 264, 'gust': 4.4}",RU,1719347256
402,segezha,63.7415,34.3222,286.28,81,{'all': 99},"{'speed': 2.94, 'deg': 304, 'gust': 3.6}",RU,1719347257
403,nuuk,64.1835,-51.7216,279.49,75,{'all': 75},"{'speed': 3.6, 'deg': 360}",GL,1719347258
404,mouila,-1.8685,11.0559,297.17,89,{'all': 100},"{'speed': 0.71, 'deg': 296, 'gust': 1.82}",GA,1719347259
405,punta del este,-34.9667,-54.95,282.21,66,{'all': 100},"{'speed': 2.57, 'deg': 150}",UY,1719347261
406,la passe,45.5549,-0.8967,301.28,83,{'all': 0},"{'speed': 3.78, 'deg': 29, 'gust': 6.29}",FR,1719347262
407,necocli,8.4234,-76.786,301.1,79,{'all': 100},"{'speed': 1.32, 'deg': 192, 'gust': 1.48}",CO,1719347263
408,luderitz,-26.6481,15.1594,294.0,38,{'all': 0},"{'speed': 5.59, 'deg': 114, 'gust': 9.75}",NA,1719347264
409,dawson creek,55.7666,-120.2362,289.62,61,{'all': 46},"{'speed': 2.4, 'deg': 133, 'gust': 2.93}",CA,1719347265
410,port macquarie,-31.4333,152.9167,281.98,86,{'all': 6},"{'speed': 2.69, 'deg': 313, 'gust': 3.33}",AU,1719347266
411,kasane,-17.8167,25.15,287.18,56,{'all': 0},"{'speed': 2.47, 'deg': 97, 'gust': 4.53}",BW,1719347268
412,ibotirama,-12.1853,-43.2206,304.09,24,{'all': 31},"{'speed': 1.71, 'deg': 154, 'gust': 1.86}",BR,1719347269
413,dunedin,-45.8742,170.5036,282.48,99,{'all': 100},"{'speed': 1.34, 'deg': 355, 'gust': 5.81}",NZ,1719347270
414,as saffaniyah,27.9708,48.73,308.59,24,{'all': 0},"{'speed': 2.05, 'deg': 249, 'gust': 2.24}",SA,1719347271
415,mersing,2.4312,103.8405,298.1,94,{'all': 20},"{'speed': 2.57, 'deg': 230}",MY,1719347272
416,preobrazheniye,42.9019,133.9064,284.46,94,{'all': 0},"{'speed': 2.06, 'deg': 354, 'gust': 1.98}",RU,1719347273
417,connell,46.6635,-118.8611,304.82,29,{'all': 0},"{'speed': 2.24, 'deg': 273, 'gust': 4.47}",US,1719347274
418,el bordo,2.117,-76.9821,303.24,48,{'all': 5},"{'speed': 0.47, 'deg': 203, 'gust': 0.95}",CO,1719347275
419,yesilova,37.5081,29.7547,297.85,45,{'all': 53},"{'speed': 2.33, 'deg': 279, 'gust': 2.15}",TR,1719347276
420,forster,-32.1667,152.5167,284.95,77,{'all': 0},"{'speed': 2.77, 'deg': 299, 'gust': 3.57}",AU,1719347278
421,hargeysa,9.56,44.065,295.19,60,{'all': 51},"{'speed': 8.75, 'deg': 226, 'gust': 14.33}",SO,1719347279
422,borazjan,29.2666,51.2159,310.51,15,{'all': 0},"{'speed': 2.45, 'deg': 36, 'gust': 2.5}",IR,1719347280
423,saint-paul,-21.0096,55.2707,295.2,79,{'all': 7},"{'speed': 0.15, 'deg': 29, 'gust': 1.63}",RE,1719347131
424,san juan bautista,-14.0108,-75.7358,298.86,38,{'all': 6},"{'speed': 3.56, 'deg': 287, 'gust': 1.86}",PE,1719347284
425,pathein,16.7833,94.7333,299.37,89,{'all': 100},"{'speed': 2.92, 'deg': 203, 'gust': 7.77}",MM,1719347285
426,soio,-6.1349,12.3689,295.48,90,{'all': 50},"{'speed': 3.24, 'deg': 225, 'gust': 5.04}",AO,1719347286
427,bossangoa,6.4926,17.4552,298.12,69,{'all': 100},"{'speed': 2.24, 'deg': 150, 'gust': 3.52}",CF,1719347287
428,fletcher,35.4307,-82.5012,307.61,43,{'all': 0},"{'speed': 3.6, 'deg': 350}",US,1719347289
429,huautla de jimenez,18.1315,-96.8409,295.47,76,{'all': 100},"{'speed': 1.68, 'deg': 85, 'gust': 1.16}",MX,1719347290
430,segou,13.4317,-6.2157,308.74,34,{'all': 89},"{'speed': 0.57, 'deg': 192, 'gust': 0.92}",ML,1719347292
431,barra da estiva,-13.6261,-41.3269,294.43,59,{'all': 73},"{'speed': 3.39, 'deg': 71, 'gust': 5.55}",BR,1719347293
432,idfu,24.9803,32.8747,309.07,12,{'all': 1},"{'speed': 5.64, 'deg': 304, 'gust': 11.85}",EG,1719347294
433,sokoni,-6.4333,39.55,299.11,74,{'all': 31},"{'speed': 7.78, 'deg': 164, 'gust': 10.13}",TZ,1719347295
434,argo,37.6333,22.7333,300.25,40,{'all': 0},"{'speed': 2.44, 'deg': 340, 'gust': 2.27}",GR,1719347296
435,vernon,50.2581,-119.2691,300.24,28,{'all': 15},"{'speed': 1.31, 'deg': 6, 'gust': 2.34}",CA,1719347298
436,cheongsong gun,36.4335,129.057,286.65,92,{'all': 100},"{'speed': 1.28, 'deg': 265, 'gust': 1.46}",KR,1719347299
437,mar del plata,-38.0023,-57.5575,283.76,65,{'all': 40},"{'speed': 4.12, 'deg': 320}",AR,1719347072
438,hilo,19.7297,-155.09,303.31,76,{'all': 40},"{'speed': 4.63, 'deg': 20}",US,1719347131
439,skelleftea,64.7507,20.9528,297.35,53,{'all': 40},"{'speed': 2.06, 'deg': 210}",SE,1719347303
440,saint-francois,46.4154,3.9054,295.84,73,{'all': 37},"{'speed': 0, 'deg': 0}",FR,1719347305
441,okakarara,-20.5833,17.4333,283.87,52,{'all': 0},"{'speed': 3.38, 'deg': 87, 'gust': 5.76}",NA,1719347306
442,guanare,9.0418,-69.7421,300.24,87,{'all': 64},"{'speed': 1.29, 'deg': 147, 'gust': 1.25}",VE,1719347307
443,kingscliff,-28.2667,153.5667,286.04,100,{'all': 24},"{'speed': 2.57, 'deg': 250}",AU,1719347309
444,shulan,44.4167,126.95,286.65,94,{'all': 9},"{'speed': 2.88, 'deg': 181, 'gust': 3.91}",CN,1719347310
445,alcaniz,41.05,-0.1333,297.77,57,{'all': 37},"{'speed': 5.33, 'deg': 153, 'gust': 8.13}",ES,1719347311
446,karratha,-20.7377,116.8463,295.21,62,{'all': 0},"{'speed': 3.06, 'deg': 355, 'gust': 3.46}",AU,1719347312
447,harstad,68.799,16.5293,284.81,97,{'all': 100},"{'speed': 8.49, 'deg': 257, 'gust': 10.73}",NO,1719347313
448,san carlos de bariloche,-41.1456,-71.3082,277.01,60,{'all': 75},"{'speed': 12.35, 'deg': 310}",AR,1719347314
449,bafq,31.6128,55.4107,306.92,14,{'all': 65},"{'speed': 1.6, 'deg': 78, 'gust': 2.53}",IR,1719347315
450,wieruszow,51.2949,18.1555,290.73,77,{'all': 64},"{'speed': 3.65, 'deg': 103, 'gust': 8.88}",PL,1719347316
451,sittwe,20.15,92.9,301.13,85,{'all': 100},"{'speed': 4.29, 'deg': 137, 'gust': 5.47}",MM,1719347318
452,mek'ele,13.4967,39.4753,290.21,82,{'all': 100},"{'speed': 2.86, 'deg': 256, 'gust': 3.04}",ET,1719347319
453,east london,-33.0153,27.9116,291.2,78,{'all': 81},"{'speed': 0.81, 'deg': 22, 'gust': 1.17}",ZA,1719347110
454,prince rupert,54.3161,-130.3201,288.75,71,{'all': 100},"{'speed': 2.15, 'deg': 258, 'gust': 1.6}",CA,1719347321
455,novaya igirma,57.1334,103.9112,283.84,93,{'all': 13},"{'speed': 0.9, 'deg': 182, 'gust': 0.92}",RU,1719347322
456,lepsy,46.235,78.9456,299.57,41,{'all': 0},"{'speed': 5.05, 'deg': 134, 'gust': 8.21}",KZ,1719347323
457,zeribet el oued,34.6828,6.5111,306.27,26,{'all': 0},"{'speed': 4.11, 'deg': 206, 'gust': 4.72}",DZ,1719347324
458,petrosino,37.7077,12.4999,298.63,83,{'all': 0},"{'speed': 6.93, 'deg': 331, 'gust': 8.37}",IT,1719347325
459,laughlin,35.1678,-114.573,317.86,23,{'all': 0},"{'speed': 5.14, 'deg': 190, 'gust': 10.8}",US,1719347327
460,takoradi,4.8845,-1.7554,298.02,90,{'all': 100},"{'speed': 3.47, 'deg': 222, 'gust': 6.01}",GH,1719347328
461,toungo,8.1167,12.05,295.51,94,{'all': 100},"{'speed': 1.01, 'deg': 284, 'gust': 1.25}",NG,1719347329
462,nar'yan-mar,67.6713,53.087,276.74,95,{'all': 100},"{'speed': 6.44, 'deg': 353, 'gust': 11.66}",RU,1719347330
463,fortuna,40.5982,-124.1573,291.44,80,{'all': 20},"{'speed': 6.69, 'deg': 320}",US,1719347331
464,trairi,-3.2778,-39.2689,299.14,81,{'all': 0},"{'speed': 4.18, 'deg': 97, 'gust': 7.35}",BR,1719347324
465,shache,38.4167,77.2406,300.75,22,{'all': 100},"{'speed': 2.67, 'deg': 170, 'gust': 2.82}",CN,1719347333
466,antalaha,-14.9003,50.2788,294.77,78,{'all': 15},"{'speed': 5, 'deg': 192, 'gust': 10.01}",MG,1719347335
467,antofagasta,-23.65,-70.4,288.75,82,{'all': 78},"{'speed': 5.31, 'deg': 228, 'gust': 5.75}",CL,1719347273
468,champoton,19.35,-90.7167,304.94,60,{'all': 87},"{'speed': 2.75, 'deg': 306, 'gust': 2.87}",MX,1719347337
469,santa vitoria do palmar,-33.5189,-53.3681,282.24,71,{'all': 18},"{'speed': 2.11, 'deg': 157, 'gust': 3.14}",BR,1719347338
470,camana,-16.6228,-72.7111,290.63,82,{'all': 37},"{'speed': 3.93, 'deg': 167, 'gust': 3.7}",PE,1719347339
471,kendari,-3.945,122.4989,295.96,97,{'all': 62},"{'speed': 0.9, 'deg': 200, 'gust': 0.85}",ID,1719347340
472,beas de segura,38.2524,-2.8888,301.34,31,{'all': 0},"{'speed': 2.65, 'deg': 229, 'gust': 2.83}",ES,1719347341
473,saint croix,17.7397,-64.7388,305.4,80,{'all': 0},"{'speed': 7.72, 'deg': 100, 'gust': 11.83}",VI,1719347342
474,altamira,-3.2033,-52.2064,299.27,95,{'all': 21},"{'speed': 1.16, 'deg': 50, 'gust': 2.19}",BR,1719347128
475,mahibadhoo,3.7833,72.9667,301.77,81,{'all': 100},"{'speed': 8.07, 'deg': 254, 'gust': 9.42}",MV,1719347345
476,mejit,10.2753,170.8646,301.04,82,{'all': 38},"{'speed': 8.26, 'deg': 80, 'gust': 9.24}",MH,1719347346
477,cheria,35.2731,7.7519,295.27,37,{'all': 0},"{'speed': 3.85, 'deg': 61, 'gust': 4.8}",DZ,1719347347
478,namie,37.4833,141.0,296.32,62,{'all': 100},"{'speed': 4.22, 'deg': 286, 'gust': 12.15}",JP,1719347348
479,papao,-17.75,-149.55,299.97,79,{'all': 100},"{'speed': 10.43, 'deg': 126, 'gust': 10.28}",PF,1719347349
480,at taj,24.2049,23.2857,304.02,13,{'all': 6},"{'speed': 4.87, 'deg': 351, 'gust': 5.52}",LY,1719347350
481,vigan,17.5747,120.3869,300.69,83,{'all': 38},"{'speed': 2.03, 'deg': 115, 'gust': 1.86}",PH,1719347351
482,yuzhno-kurilsk,44.0306,145.8556,283.47,92,{'all': 93},"{'speed': 5.83, 'deg': 320, 'gust': 10.37}",RU,1719347352
483,prado,-17.3411,-39.2208,297.29,81,{'all': 87},"{'speed': 3.83, 'deg': 49, 'gust': 5.87}",BR,1719347355
484,kapuskasing,49.4169,-82.4331,293.41,89,{'all': 95},"{'speed': 4.09, 'deg': 242, 'gust': 9.71}",CA,1719347356
485,noshiro,40.2039,140.0242,289.44,89,{'all': 100},"{'speed': 4.7, 'deg': 307, 'gust': 6.93}",JP,1719347357
486,paita,-5.0892,-81.1144,293.68,73,{'all': 34},"{'speed': 7.34, 'deg': 205, 'gust': 7.51}",PE,1719347358
487,holualoa,19.6228,-155.9522,299.06,78,{'all': 0},"{'speed': 3.6, 'deg': 250}",US,1719347359
488,bereket,39.2446,55.5154,304.99,21,{'all': 13},"{'speed': 4.73, 'deg': 86, 'gust': 7.31}",TM,1719347360
489,vila franca do campo,37.7167,-25.4333,293.38,99,{'all': 100},"{'speed': 2.65, 'deg': 40, 'gust': 3.13}",PT,1719347361
490,ubari,26.5921,12.7805,308.92,9,{'all': 0},"{'speed': 4.94, 'deg': 321, 'gust': 7.46}",LY,1719347363
491,fisterra,42.9049,-9.2629,290.94,95,{'all': 100},"{'speed': 4.96, 'deg': 27, 'gust': 8.26}",ES,1719347364
492,oranjemund,-28.55,16.4333,286.83,88,{'all': 0},"{'speed': 4.15, 'deg': 159, 'gust': 6.31}",NA,1719347366
493,colonia,50.9333,6.95,298.05,62,{'all': 0},"{'speed': 2.06, 'deg': 90}",DE,1719347367
494,malango,-2.9627,119.9001,292.76,99,{'all': 90},"{'speed': 0.54, 'deg': 36, 'gust': 0.42}",ID,1719347368
495,magadan,59.5667,150.8,280.43,93,{'all': 96},"{'speed': 2.27, 'deg': 198, 'gust': 2.54}",RU,1719347297
496,camarinas,43.1311,-9.1817,291.03,97,{'all': 100},"{'speed': 7.17, 'deg': 22, 'gust': 11.33}",ES,1719347371
497,barah,13.7,30.3667,307.69,28,{'all': 91},"{'speed': 2.63, 'deg': 214, 'gust': 3.34}",SD,1719347373
498,mantua,45.1667,10.7833,293.68,95,{'all': 66},"{'speed': 3.6, 'deg': 96, 'gust': 9.42}",IT,1719347374
499,qusmuryn,52.4503,64.6311,290.62,70,{'all': 100},"{'speed': 4.67, 'deg': 214, 'gust': 8.31}",KZ,1719347376
500,baikonur,45.6167,63.3167,300.51,29,{'all': 1},"{'speed': 4.32, 'deg': 201, 'gust': 5.92}",KZ,1719347377
501,nagireddipalli,14.2667,79.1,302.71,57,{'all': 68},"{'speed': 6.63, 'deg': 273, 'gust': 14.47}",IN,1719347378
502,labasa,-16.4167,179.3833,296.79,81,{'all': 63},"{'speed': 2.6, 'deg': 136, 'gust': 6.69}",FJ,1719347380
503,itigi,-5.7,34.4833,289.29,50,{'all': 0},"{'speed': 3.57, 'deg': 122, 'gust': 10.46}",TZ,1719347381
504,el alto,-4.2714,-81.2147,296.96,71,{'all': 25},"{'speed': 10.1, 'deg': 206, 'gust': 10.78}",PE,1719347382
505,khargapur,24.823,79.144,305.89,55,{'all': 69},"{'speed': 3.09, 'deg': 178, 'gust': 5.5}",IN,1719347383
506,gongzhuling,43.5008,124.8198,290.02,72,{'all': 9},"{'speed': 3.17, 'deg': 196, 'gust': 4.03}",CN,1719347105
507,tofol,5.3248,163.0078,301.65,78,{'all': 100},"{'speed': 6.54, 'deg': 83, 'gust': 7.27}",FM,1719347385
508,benguela,-12.5763,13.4055,294.34,88,{'all': 8},"{'speed': 0.76, 'deg': 202, 'gust': 0.99}",AO,1719347386
509,dobrich,43.5667,27.8333,294.42,77,{'all': 16},"{'speed': 0.96, 'deg': 186, 'gust': 0.75}",BG,1719347323
510,kikwit,-5.041,18.8162,298.64,35,{'all': 3},"{'speed': 1.67, 'deg': 156, 'gust': 1.71}",CD,1719347389
511,termas de rio hondo,-27.4998,-64.8604,285.31,45,{'all': 100},"{'speed': 1.18, 'deg': 156, 'gust': 1.4}",AR,1719347390
512,wynyard,-41.0,145.7167,284.77,79,{'all': 100},"{'speed': 6.89, 'deg': 353, 'gust': 11.9}",AU,1719347391
513,gaalkacyo,6.7697,47.4308,300.06,55,{'all': 83},"{'speed': 10.31, 'deg': 201, 'gust': 15.51}",SO,1719347392
514,natal,-5.795,-35.2094,300.51,78,{'all': 40},"{'speed': 5.14, 'deg': 140}",BR,1719347125
515,palanga,55.9175,21.0686,290.16,72,{'all': 0},"{'speed': 0.51, 'deg': 0}",LT,1719347394
516,muang khong,14.1167,105.85,296.84,98,{'all': 100},"{'speed': 0.31, 'deg': 283, 'gust': 0.69}",LA,1719347395
517,dubbo,-32.25,148.6167,280.22,87,{'all': 75},"{'speed': 3.6, 'deg': 110}",AU,1719347115
518,whakatane,-37.9585,176.9854,287.32,78,{'all': 100},"{'speed': 3.58, 'deg': 212, 'gust': 6.71}",NZ,1719347398
519,victoria falls,-17.9235,25.843,287.36,56,{'all': 1},"{'speed': 1.5, 'deg': 72, 'gust': 1.61}",ZW,1719347399
520,bandar-e lengeh,26.5579,54.8807,305.47,72,{'all': 1},"{'speed': 2.8, 'deg': 206, 'gust': 3.05}",IR,1719347400
521,usogorsk,63.4106,48.6872,282.44,83,{'all': 100},"{'speed': 4.59, 'deg': 347, 'gust': 11.98}",RU,1719347401
522,katsuren-haebaru,26.3369,127.8719,301.36,96,{'all': 40},"{'speed': 4.12, 'deg': 140}",JP,1719347403
523,riohacha,11.5444,-72.9072,309.21,46,{'all': 20},"{'speed': 5.66, 'deg': 110}",CO,1719347405
524,thinadhoo,0.5333,72.9333,301.96,76,{'all': 95},"{'speed': 6.58, 'deg': 202, 'gust': 7.16}",MV,1719347406
525,gisborne,-38.6533,178.0042,286.3,93,{'all': 100},"{'speed': 11.64, 'deg': 179, 'gust': 15.49}",NZ,1719347407
526,bairnsdale,-37.8333,147.6167,278.18,92,{'all': 2},"{'speed': 0.45, 'deg': 62, 'gust': 1.34}",AU,1719347408
527,howard springs,-12.497,131.047,294.1,91,{'all': 5},"{'speed': 2.47, 'deg': 175, 'gust': 4.32}",AU,1719347409
528,noumea,-22.2763,166.4572,294.26,99,{'all': 0},"{'speed': 3.91, 'deg': 77, 'gust': 5.35}",NC,1719347197
529,garissa,-0.4536,39.6401,297.81,62,{'all': 34},"{'speed': 10.32, 'deg': 169, 'gust': 17.26}",KE,1719347411
530,taksimo,56.3444,114.8794,289.73,81,{'all': 83},"{'speed': 0.62, 'deg': 280, 'gust': 0.74}",RU,1719347412
531,pljevlja,43.3333,19.3333,289.45,83,{'all': 31},"{'speed': 1.39, 'deg': 213, 'gust': 1.26}",ME,1719347413
532,bol'sherech'ye,56.0925,74.6272,288.15,91,{'all': 4},"{'speed': 3.32, 'deg': 206, 'gust': 7.24}",RU,1719347415
533,praia da vitoria,38.7333,-27.0667,294.68,68,{'all': 20},"{'speed': 1.98, 'deg': 88, 'gust': 1.78}",PT,1719347416
534,arteche,12.2645,125.4048,299.97,90,{'all': 91},"{'speed': 2.67, 'deg': 97, 'gust': 4.06}",PH,1719347417
535,lerwick,60.1545,-1.1494,284.15,82,{'all': 100},"{'speed': 1.64, 'deg': 109, 'gust': 1.92}",GB,1719347418
536,pacific grove,36.6177,-121.9166,301.7,75,{'all': 0},"{'speed': 4.63, 'deg': 350}",US,1719347374
537,bilajer,40.5681,50.0378,297.05,73,{'all': 0},"{'speed': 0, 'deg': 0}",AZ,1719347420
538,sao vicente,-23.9631,-46.3919,295.25,70,{'all': 100},"{'speed': 2.68, 'deg': 10, 'gust': 2.68}",BR,1719347262
539,sesheke,-17.4759,24.2968,286.89,56,{'all': 0},"{'speed': 2.07, 'deg': 87, 'gust': 2.47}",ZM,1719347422
540,massawa,15.6097,39.45,306.0,65,{'all': 76},"{'speed': 3.34, 'deg': 142, 'gust': 4.22}",ER,1719347424
541,warmbad,-28.45,18.7333,289.86,36,{'all': 0},"{'speed': 3.52, 'deg': 70, 'gust': 3.5}",NA,1719347425
542,mwanza,-2.5167,32.9,293.12,42,{'all': 26},"{'speed': 2.98, 'deg': 192, 'gust': 4.65}",TZ,1719347426
543,al jawf,29.5,38.75,303.76,15,{'all': 0},"{'speed': 6.04, 'deg': 347, 'gust': 12.36}",SA,1719347427
544,bechar,31.6167,-2.2167,312.33,7,{'all': 20},"{'speed': 5.66, 'deg': 170}",DZ,1719347428
545,la gi,10.6667,107.7833,298.87,88,{'all': 100},"{'speed': 4.15, 'deg': 315, 'gust': 6.95}",VN,1719347429
546,baki,-7.6128,110.7839,295.91,94,{'all': 35},"{'speed': 1.41, 'deg': 165, 'gust': 2.32}",ID,1719347430
547,el calafate,-50.3408,-72.2768,273.98,87,{'all': 98},"{'speed': 2.17, 'deg': 237, 'gust': 3.2}",AR,1719347431
548,abadan,30.3392,48.3043,309.12,30,{'all': 0},"{'speed': 3.09, 'deg': 10}",IR,1719347432
549,suwayr,30.1171,40.3893,307.67,14,{'all': 0},"{'speed': 4.95, 'deg': 300, 'gust': 7.79}",SA,1719347435
550,krasnoshchekovo,51.6708,82.7289,291.48,81,{'all': 0},"{'speed': 2.24, 'deg': 143, 'gust': 2.1}",RU,1719347436
551,mongoumba,3.6415,18.5936,297.94,71,{'all': 64},"{'speed': 0.63, 'deg': 151, 'gust': 0.71}",CF,1719347438
552,igarka,67.4667,86.5833,292.23,57,{'all': 65},"{'speed': 3.88, 'deg': 141, 'gust': 7.8}",RU,1719347440
553,chibougamau,49.9168,-74.3659,298.21,43,{'all': 100},"{'speed': 7.23, 'deg': 216, 'gust': 12.73}",CA,1719347442
554,dragash,42.0625,20.6533,290.68,71,{'all': 29},"{'speed': 2.79, 'deg': 152, 'gust': 2.21}",XK,1719347443
555,alamo,20.9167,-97.6833,306.95,69,{'all': 67},"{'speed': 5.28, 'deg': 78, 'gust': 5.16}",MX,1719347444
556,al ghayzah,16.2079,52.176,302.07,80,{'all': 99},"{'speed': 5.26, 'deg': 61, 'gust': 6.83}",YE,1719347446
557,nizhniy kuranakh,58.8353,125.4869,290.76,78,{'all': 15},"{'speed': 1.22, 'deg': 224, 'gust': 1.77}",RU,1719347448
